"y","Pos.1","Pos.2","Pos.3","Pos.4","Pos.5","Pos.6","Pos.7"
1,"g","a","g","g","a","g","a"
1,"g","a","g","a","g","g","a"
1,"a","a","a","g","a","g","t"
1,"c","a","g","g","g","g","c"
1,"c","a","g","g","g","g","g"
1,"a","a","g","t","a","g","t"
1,"c","t","g","g","a","g","t"
1,"c","a","g","g","a","g","g"
1,"g","g","g","a","a","g","c"
1,"g","a","c","a","c","g","t"
1,"g","a","g","g","a","g","t"
1,"a","a","g","a","a","g","c"
1,"t","g","g","a","a","g","t"
1,"a","a","g","t","a","a","a"
1,"c","t","g","a","g","g","t"
1,"g","g","a","a","a","g","t"
1,"c","a","g","a","a","t","c"
1,"c","a","g","a","a","c","a"
1,"g","a","g","g","a","g","t"
1,"a","a","g","a","t","a","a"
1,"a","t","g","g","a","g","a"
1,"c","a","g","c","a","g","a"
1,"a","a","g","g","a","g","t"
1,"a","a","g","a","a","a","t"
1,"t","c","g","g","c","g","t"
1,"c","a","g","a","c","a","g"
1,"c","a","a","a","a","g","a"
1,"c","a","g","t","c","g","t"
1,"t","a","g","a","c","t","g"
1,"c","a","g","a","t","g","g"
1,"g","t","g","a","a","g","g"
1,"c","a","g","a","t","g","g"
1,"t","t","t","a","a","g","t"
1,"a","a","g","g","a","g","t"
1,"g","g","g","g","a","g","g"
1,"c","a","g","t","t","g","t"
1,"a","g","a","g","a","g","c"
1,"c","c","g","t","g","g","t"
1,"g","a","g","t","g","g","t"
1,"c","a","g","a","t","a","c"
1,"c","g","a","a","a","g","t"
1,"g","a","g","a","t","g","c"
1,"g","a","g","a","t","a","a"
1,"a","c","g","a","g","g","t"
1,"g","a","g","g","a","g","t"
1,"c","a","g","g","a","g","g"
1,"g","a","g","g","a","g","a"
1,"a","g","a","a","a","g","c"
1,"a","a","g","a","t","g","t"
1,"c","a","g","a","a","t","t"
1,"c","a","g","a","a","t","g"
1,"a","a","g","a","a","g","c"
1,"a","a","g","a","a","g","t"
1,"g","c","g","g","a","g","t"
1,"c","a","g","g","a","g","g"
1,"g","a","g","a","a","a","g"
1,"c","a","g","a","c","a","a"
1,"c","a","g","g","c","g","g"
1,"a","g","g","g","a","g","t"
1,"a","a","g","a","a","g","a"
1,"a","a","a","g","a","g","t"
1,"g","a","a","a","a","g","t"
1,"c","a","g","a","g","g","a"
1,"a","a","g","a","a","c","t"
1,"g","a","g","g","a","g","t"
1,"a","a","g","a","a","a","g"
1,"t","c","g","g","a","g","t"
1,"a","a","g","g","c","g","g"
1,"c","a","a","g","a","g","t"
1,"g","a","g","a","a","g","g"
1,"t","t","g","a","a","g","g"
1,"c","t","g","g","a","g","t"
1,"c","a","g","a","g","g","t"
1,"g","a","g","a","a","a","a"
1,"c","t","g","g","a","g","a"
1,"c","a","g","a","c","c","c"
1,"a","t","g","a","a","g","t"
1,"g","t","t","a","a","g","t"
1,"a","a","g","a","c","g","c"
1,"g","a","g","a","c","t","t"
1,"t","a","g","a","g","a","t"
1,"g","a","g","c","a","g","c"
1,"c","c","g","a","c","g","t"
1,"g","a","g","a","c","c","a"
1,"c","t","g","a","a","g","a"
1,"c","a","g","a","c","a","t"
1,"c","a","g","a","c","c","t"
1,"c","a","g","t","a","g","t"
1,"c","a","g","g","g","g","g"
1,"t","g","g","a","a","a","g"
1,"a","a","g","a","a","c","a"
1,"t","g","g","g","a","g","a"
1,"c","a","g","a","c","a","g"
1,"a","a","g","g","a","g","t"
1,"c","a","g","g","a","g","a"
1,"t","g","g","a","a","g","t"
1,"a","a","g","a","a","a","a"
1,"c","t","g","a","a","g","a"
1,"a","t","g","a","t","t","t"
1,"a","a","g","g","a","a","g"
1,"c","a","a","a","a","g","a"
1,"c","a","g","g","a","g","t"
1,"c","a","g","a","g","c","a"
1,"g","c","g","a","a","g","t"
1,"a","a","g","g","g","g","g"
1,"t","t","a","a","a","g","t"
1,"a","a","g","a","a","g","t"
1,"a","g","t","g","a","g","t"
1,"a","a","g","a","g","g","g"
1,"c","a","t","g","a","g","t"
1,"g","a","g","g","a","g","t"
1,"c","t","t","a","a","g","a"
1,"a","g","c","a","a","g","t"
1,"a","a","g","a","g","g","t"
1,"t","c","t","a","a","g","t"
1,"c","a","g","a","c","a","g"
1,"a","a","g","a","a","g","a"
1,"a","a","g","c","a","g","g"
1,"c","a","g","g","c","g","t"
1,"g","a","g","a","t","c","t"
1,"t","t","g","g","a","g","g"
1,"g","g","a","g","a","g","t"
1,"a","a","g","t","t","g","a"
1,"c","a","g","g","a","g","a"
1,"g","a","g","a","a","g","t"
1,"c","a","g","g","a","g","t"
1,"c","a","g","a","a","a","t"
1,"c","a","a","a","a","g","t"
1,"a","a","g","a","a","g","g"
1,"c","a","g","a","a","g","t"
1,"a","a","g","a","t","a","g"
1,"a","c","a","g","a","g","t"
1,"c","c","t","g","a","g","t"
1,"g","c","g","a","t","g","t"
1,"g","t","g","a","a","g","t"
1,"c","a","g","g","a","g","g"
1,"t","t","t","g","a","g","t"
1,"c","a","g","t","t","g","t"
1,"t","a","t","a","a","g","t"
1,"c","a","g","a","a","a","t"
1,"c","a","g","a","a","a","t"
1,"a","c","g","g","a","g","a"
1,"c","t","g","a","a","g","g"
1,"g","a","g","g","a","g","t"
1,"c","a","g","a","a","c","t"
1,"t","t","t","a","a","g","t"
1,"c","t","g","g","a","g","g"
1,"c","a","g","g","a","g","t"
1,"a","c","g","g","a","g","t"
1,"c","a","g","g","t","g","t"
1,"g","a","t","g","a","g","t"
1,"a","t","g","a","a","g","t"
1,"t","a","g","a","a","g","a"
1,"a","a","t","a","a","c","t"
1,"c","a","g","a","a","c","t"
1,"a","a","g","g","a","g","c"
1,"a","a","t","g","a","g","t"
1,"c","a","g","a","g","t","t"
1,"g","a","g","a","a","a","g"
1,"a","a","g","a","a","a","a"
1,"g","t","g","a","a","g","g"
1,"c","t","g","a","a","g","a"
1,"t","c","a","g","a","g","t"
1,"t","g","g","a","a","g","t"
1,"t","a","g","a","a","g","t"
1,"a","g","g","a","t","g","g"
1,"a","a","g","g","a","g","a"
1,"t","c","a","a","a","g","a"
1,"a","g","g","a","c","g","t"
1,"c","a","g","g","g","g","c"
1,"g","t","g","a","t","g","a"
1,"t","c","g","a","a","g","a"
1,"c","t","g","a","a","c","a"
1,"c","g","g","a","g","g","c"
1,"g","a","a","a","a","g","t"
1,"c","a","a","a","a","g","t"
1,"t","t","g","a","a","g","a"
1,"a","a","g","g","a","g","a"
1,"a","a","g","g","a","g","c"
1,"a","c","a","g","a","g","t"
1,"c","t","g","g","a","g","t"
1,"a","a","g","g","a","g","g"
1,"a","a","g","g","a","c","t"
1,"c","a","g","a","a","g","a"
1,"a","c","g","a","a","g","g"
1,"g","a","g","c","a","g","a"
1,"g","t","g","a","t","g","t"
1,"c","a","g","g","c","g","c"
1,"a","g","t","a","a","g","t"
1,"c","a","g","a","a","g","a"
1,"c","a","g","a","g","a","c"
1,"c","c","g","g","a","g","c"
1,"c","a","g","g","c","c","c"
1,"a","g","g","a","a","g","a"
1,"t","g","g","a","a","t","c"
1,"g","t","g","a","a","g","g"
1,"t","g","g","g","a","g","c"
1,"c","a","g","a","a","g","g"
1,"c","a","g","a","a","g","g"
1,"g","a","g","a","a","a","g"
0,"t","t","t","t","t","t","c"
0,"a","t","g","g","g","c","t"
0,"a","g","g","g","a","c","a"
0,"t","t","t","t","g","g","t"
0,"t","t","t","t","a","t","t"
0,"t","c","a","t","g","t","a"
0,"a","a","t","g","t","c","a"
0,"t","c","t","t","t","g","c"
0,"g","g","g","t","t","t","c"
0,"t","g","c","c","c","t","g"
0,"t","g","t","g","a","c","a"
0,"c","a","t","t","c","t","a"
0,"t","c","t","c","c","t","t"
0,"t","c","t","g","a","t","t"
0,"t","t","t","a","c","a","c"
0,"t","t","g","a","g","c","c"
0,"g","a","g","c","a","g","g"
0,"g","t","a","g","c","g","a"
0,"a","t","c","g","c","c","a"
0,"t","g","t","a","t","g","t"
0,"g","c","a","a","t","t","g"
0,"a","t","t","c","g","t","g"
0,"t","c","t","t","g","a","c"
0,"g","a","g","c","a","g","g"
0,"g","g","a","g","t","g","g"
0,"t","g","g","a","c","t","t"
0,"a","c","a","a","a","a","a"
0,"t","t","t","c","t","a","t"
0,"c","t","c","t","a","t","g"
0,"a","t","g","t","g","g","c"
0,"t","g","g","t","g","c","t"
0,"a","a","t","t","g","g","t"
0,"t","g","a","g","g","a","g"
0,"g","c","a","g","g","t","t"
0,"g","t","t","c","a","t","g"
0,"c","c","t","a","a","t","c"
0,"t","t","a","a","c","c","a"
0,"a","a","a","a","a","a","t"
0,"c","c","t","g","c","t","c"
0,"a","a","t","c","c","a","g"
0,"g","g","t","g","a","g","c"
0,"g","a","t","a","t","a","t"
0,"t","c","t","a","t","a","t"
0,"g","g","a","g","a","g","c"
0,"c","a","g","g","t","g","c"
0,"g","a","g","g","g","a","g"
0,"a","a","a","t","t","a","c"
0,"g","g","g","t","t","c","a"
0,"t","g","t","g","c","c","a"
0,"a","a","a","t","c","c","a"
0,"g","g","a","t","c","c","c"
0,"g","t","t","c","c","a","a"
0,"g","g","t","t","t","c","c"
0,"t","c","c","t","g","t","a"
0,"g","t","c","t","t","c","c"
0,"t","t","t","a","c","a","t"
0,"t","g","g","g","g","a","t"
0,"t","g","t","t","g","g","c"
0,"t","c","c","g","t","t","g"
0,"g","a","c","a","g","g","a"
0,"c","a","g","g","a","t","c"
0,"t","g","a","t","a","t","g"
0,"g","g","g","a","g","g","g"
0,"t","g","t","t","t","t","t"
0,"g","g","a","g","a","g","g"
0,"t","t","t","a","t","t","t"
0,"g","c","a","g","t","g","g"
0,"t","c","t","g","c","a","g"
0,"g","t","g","t","t","t","t"
0,"c","t","a","c","c","t","a"
0,"a","c","a","t","t","c","a"
0,"g","c","t","g","t","g","c"
0,"a","a","a","t","g","c","t"
0,"c","a","t","t","g","g","t"
0,"t","t","t","g","a","a","a"
0,"c","t","c","c","t","c","t"
0,"c","t","c","a","c","g","t"
0,"t","t","g","g","t","c","a"
0,"t","t","t","t","t","t","t"
0,"g","g","t","t","t","c","a"
0,"t","a","t","g","a","g","g"
0,"g","t","g","g","t","g","a"
0,"a","a","a","a","t","a","a"
0,"t","c","t","c","t","c","a"
0,"a","t","t","t","c","c","t"
0,"c","t","g","c","a","a","c"
0,"g","a","g","t","c","t","g"
0,"a","t","a","t","a","t","g"
0,"t","t","t","a","a","a","a"
0,"t","a","t","g","t","g","t"
0,"g","g","t","a","t","g","t"
0,"c","c","t","t","c","t","t"
0,"g","c","t","g","c","a","t"
0,"a","g","t","c","t","t","t"
0,"a","g","g","g","g","g","t"
0,"g","a","t","t","t","a","g"
0,"t","t","c","a","t","t","t"
0,"c","c","a","t","g","t","g"
0,"g","a","g","g","g","a","g"
0,"c","t","g","c","t","c","t"
0,"a","g","a","c","t","g","a"
0,"t","t","t","g","t","t","t"
0,"c","a","g","t","g","c","t"
0,"g","g","g","c","t","t","g"
0,"c","a","t","c","t","t","t"
0,"c","a","a","g","c","c","a"
0,"t","a","a","g","c","a","a"
0,"t","a","a","g","t","t","c"
0,"a","g","g","a","t","a","t"
0,"a","t","a","c","t","a","a"
0,"g","g","g","c","t","g","c"
0,"c","a","t","g","a","t","g"
0,"t","g","a","t","g","c","t"
0,"t","g","t","c","t","c","a"
0,"a","g","a","t","t","g","t"
0,"a","c","a","g","t","g","g"
0,"t","c","t","a","a","c","t"
0,"g","g","g","a","c","c","c"
0,"g","c","t","g","t","t","c"
0,"c","c","t","t","g","g","c"
0,"a","a","g","g","t","t","t"
0,"a","c","t","c","t","t","g"
0,"a","t","a","g","a","c","a"
0,"a","g","c","c","t","g","a"
0,"t","g","t","g","c","t","a"
0,"c","t","g","g","g","c","t"
0,"g","a","t","g","t","c","a"
0,"g","g","a","g","c","t","t"
0,"a","c","c","g","c","c","c"
0,"g","c","a","g","g","c","t"
0,"a","c","t","a","t","g","t"
0,"c","c","t","g","g","c","a"
0,"g","a","g","t","a","t","a"
0,"c","a","g","g","c","t","c"
0,"a","g","a","a","t","t","a"
0,"t","a","g","c","c","a","a"
0,"g","c","a","g","g","g","g"
0,"g","t","t","t","g","t","t"
0,"g","a","c","a","c","c","t"
0,"t","a","t","a","t","a","c"
0,"t","g","a","a","a","g","g"
0,"g","c","a","t","a","t","t"
0,"g","a","a","c","a","c","t"
0,"c","c","a","g","t","g","g"
0,"a","c","t","g","c","c","t"
0,"t","t","t","g","a","c","t"
0,"a","g","a","g","a","c","a"
0,"a","g","g","c","t","t","t"
0,"c","c","t","t","t","c","a"
0,"g","g","c","g","a","t","c"
0,"a","c","a","a","g","a","t"
0,"t","t","t","t","t","t","a"
0,"a","g","a","g","g","g","g"
0,"t","c","t","t","g","t","a"
0,"c","a","g","g","a","t","c"
0,"a","g","c","c","a","t","g"
0,"g","t","g","a","a","t","t"
0,"t","a","g","g","t","a","t"
0,"c","t","g","c","a","g","c"
0,"t","c","t","g","t","g","g"
0,"a","g","g","c","a","g","a"
0,"a","c","t","a","g","a","a"
0,"c","t","g","g","t","t","a"
0,"g","c","g","g","t","c","c"
0,"a","t","t","t","a","a","c"
0,"a","c","t","t","t","t","c"
0,"a","c","a","c","t","a","t"
0,"c","c","c","t","g","g","t"
0,"a","c","g","g","g","c","t"
0,"g","t","a","t","a","c","c"
0,"g","a","t","a","a","a","a"
0,"t","g","g","g","c","t","g"
0,"g","c","a","c","a","g","a"
0,"g","c","a","t","a","a","a"
0,"g","g","c","g","a","a","a"
0,"a","t","g","g","t","a","t"
0,"c","c","t","g","a","t","c"
0,"t","g","g","t","c","a","a"
0,"t","t","t","c","c","c","a"
0,"t","g","a","a","g","g","t"
0,"t","c","a","g","c","c","t"
0,"g","c","a","g","a","g","c"
0,"a","t","a","c","a","t","t"
0,"t","g","t","t","g","c","c"
0,"t","g","g","c","a","t","c"
0,"t","a","t","t","c","t","a"
0,"t","g","t","g","c","c","c"
0,"c","c","t","c","t","c","a"
0,"a","t","a","g","a","c","t"
0,"g","a","a","t","t","g","a"
0,"a","c","t","t","g","c","a"
0,"a","a","a","g","c","t","g"
0,"c","a","g","g","a","a","t"
0,"t","a","g","c","c","t","g"
0,"t","a","t","g","c","t","a"
0,"g","g","t","g","c","t","g"
0,"c","a","t","a","a","a","c"
0,"g","a","t","t","a","t","t"
0,"a","g","a","c","t","t","g"
0,"a","a","a","g","c","t","g"
